Rank,Title,Type,Year,IMDb_ID,Stremio_Link
1,Serial Experiments Lain,series,1998,tt0500092,stremio://detail/series/tt0500092
2,Boogiepop Phantom,series,2000,tt0324700,stremio://detail/series/tt0324700
3,Paranoia Agent,series,2004-2005,tt0433722,stremio://detail/series/tt0433722
4,Texhnolyze,series,2003,tt0409630,stremio://detail/series/tt0409630
5,Kaiba,series,2008,tt1209386,stremio://detail/series/tt1209386
6,Mind Game,movie,2004,tt0452039,stremio://detail/movie/tt0452039
7,Shiki,series,2010-2011,tt2016670,stremio://detail/series/tt2016670
8,The Perfect Insider,series,2015,tt5247480,stremio://detail/series/tt5247480
9,Zetsuen no Tempest,series,2012-2013,tt2294048,stremio://detail/series/tt2294048
10,Kuuchuu Buranko,series,2009,tt3417500,stremio://detail/series/tt3417500
11,Planetes,series,2003-2004,tt0816398,stremio://detail/series/tt0816398
12,Time of Eve,series,2008-2009,tt1506339,stremio://detail/series/tt1506339
13,Ergo Proxy,series,2006,tt0791205,stremio://detail/series/tt0791205
14,Casshern Sins,series,2008-2009,tt0235119,stremio://detail/series/tt0235119
15,Coppelion,series,2013,tt3105492,stremio://detail/series/tt3105492
16,Space Brothers,series,2012-2014,tt2267446,stremio://detail/series/tt2267446
17,Kemonozume,series,2006,tt0928094,stremio://detail/series/tt0928094
18,Eureka Seven,series,2005-2006,tt0765491,stremio://detail/series/tt0765491
19,Gunbuster,series,1988-1989,tt0098492,stremio://detail/series/tt0098492
20,Knights of Sidonia,series,2014-2015,tt3398976,stremio://detail/series/tt3398976
21,Aoi Bungaku Series,series,2009,tt1805647,stremio://detail/series/tt1805647
22,Sonny Boy,series,2021,tt14642342,stremio://detail/series/tt14642342
23,The Eccentric Family,series,2013-,tt2909936,stremio://detail/series/tt2909936
24,Wandering Son,series,2011,tt2011519,stremio://detail/series/tt2011519
25,Natsume's Book of Friends,series,2008-2025,tt1352421,stremio://detail/series/tt1352421
26,Bunny Drop,series,2011-2012,tt2061551,stremio://detail/series/tt2061551
27,March Comes in Like a Lion,series,2016-2018,tt6074794,stremio://detail/series/tt6074794
28,A Place Further Than the Universe,series,2018,tt7836688,stremio://detail/series/tt7836688
29,Barakamon,series,2014,tt3660104,stremio://detail/series/tt3660104
30,Sangatsu no Lion OVA Specials,series,2016-2018,tt6074794,stremio://detail/series/tt6074794
31,Silver Spoon,series,2013-2014,tt2909912,stremio://detail/series/tt2909912
32,Honey and Clover,series,2005-2006,tt0478838,stremio://detail/series/tt0478838
33,Mushishi,series,2005-2014,tt0807832,stremio://detail/series/tt0807832
34,The Twelve Kingdoms,series,2002-2003,tt0327386,stremio://detail/series/tt0327386
35,"Now and Then, Here and There",series,1999-2000,tt0318898,stremio://detail/series/tt0318898
36,Kino's Journey,series,2003,tt0433498,stremio://detail/series/tt0433498
37,Haibane Renmei,series,2002,tt0380113,stremio://detail/series/tt0380113
38,Vinland Saga,series,2019-2023,tt10233448,stremio://detail/series/tt10233448
39,Dorohedoro,series,2020–2025,tt11147852,stremio://detail/series/tt11147852
40,Made in Abyss,series,2017–,tt7222086,stremio://detail/series/tt7222086
41,The Vision of Escaflowne,series,1996,tt0138919,stremio://detail/series/tt0138919
42,Fushigi Yuugi,series,1995–2002,tt0111973,stremio://detail/series/tt0111973
43,Nichijou,series,2011,tt2098308,stremio://detail/series/tt2098308
44,Cromartie High School,series,2003-2004,tt0387775,stremio://detail/series/tt0387775
45,Space Dandy,series,2014,tt3158246,stremio://detail/series/tt3158246
46,Gintama,series,2005-2021,tt0988818,stremio://detail/series/tt0988818
47,Grand Blue,series,2018–2025,tt8086718,stremio://detail/series/tt8086718
48,Great Teacher Onizuka,series,1999-2000,tt0315008,stremio://detail/series/tt0315008
49,Haven't You Heard? I'm Sakamoto,series,2016,tt5701624,stremio://detail/series/tt5701624
50,Daily Lives of High School Boys,series,2012,tt2180883,stremio://detail/series/tt2180883
51,Another,series,2012,tt2176165,stremio://detail/series/tt2176165
52,Ghost Hound,series,2007-2008,tt1097194,stremio://detail/series/tt1097194
53,Requiem from the Darkness,series,2003,tt1290729,stremio://detail/series/tt1290729
54,Shigurui: Death Frenzy,series,2007,tt1233119,stremio://detail/series/tt1233119
55,Perfect Blue,movie,1997,tt0156887,stremio://detail/movie/tt0156887
56,Ping Pong the Animation,series,2014,tt3592032,stremio://detail/series/tt3592032
57,Haikyuu!!,series,2014–2020,tt3398540,stremio://detail/series/tt3398540
58,Welcome to the Ballroom,series,2017,tt7161104,stremio://detail/series/tt7161104
59,Chihayafuru,series,2011-2020,tt2150751,stremio://detail/series/tt2150751
60,Giant Killing,series,2010,tt5314528,stremio://detail/series/tt5314528
61,RahXephon,series,2002,tt0364863,stremio://detail/series/tt0364863
62,Gasaraki,series,1998-1999,tt0250155,stremio://detail/series/tt0250155
63,Aldnoah.Zero,series,2014-2015,tt3544556,stremio://detail/series/tt3544556
64,Broken Blade,movie,2010,tt1663145,stremio://detail/movie/tt1663145
65,Patlabor,series,1989–1990,tt0159883,stremio://detail/series/tt0159883
66,Shirobako,series,2014-2015,tt3985228,stremio://detail/series/tt3985228
67,Land of the Lustrous,series,2017,tt7790776,stremio://detail/series/tt7790776
68,Girls' Last Tour,series,2017,tt7474942,stremio://detail/series/tt7474942
69,Hyouka,series,2012,tt2340841,stremio://detail/series/tt2340841
70,The Great Passage,series,2016,tt6142628,stremio://detail/series/tt6142628
71,Perfect Blue,movie,1997,tt0156887,stremio://detail/movie/tt0156887
72,Millennium Actress,movie,2001,tt0320480,stremio://detail/movie/tt0320480
73,Paprika,movie,2007,tt0851578,stremio://detail/movie/tt0851578
74,In This Corner of the World,movie,2016,tt4769824,stremio://detail/movie/tt4769824
75,A Silent Voice,movie,2016,tt5323662,stremio://detail/movie/tt5323662
76,Wolf Children,movie,2012,tt2140203,stremio://detail/movie/tt2140203
77,The Girl Who Leapt Through Time,movie,2006,tt0808506,stremio://detail/movie/tt0808506
78,Mirai,movie,2018,tt6900448,stremio://detail/movie/tt6900448
79,5 Centimeters per Second,movie,2007,tt0983213,stremio://detail/movie/tt0983213
80,The Garden of Words,movie,2013,tt2591814,stremio://detail/movie/tt2591814
81,Patema Inverted,movie,2013,tt2981768,stremio://detail/movie/tt2981768
82,Belladonna of Sadness,movie,1973,tt0071203,stremio://detail/movie/tt0071203
83,Angel's Egg,movie,1985,tt0208502,stremio://detail/movie/tt0208502
84,Redline,movie,2009,tt1483797,stremio://detail/movie/tt1483797
85,Metropolis,movie,2001,tt0293416,stremio://detail/movie/tt0293416
86,Memories,movie,1995,tt0113799,stremio://detail/movie/tt0113799
87,Tokyo Godfathers,movie,2003,tt0388473,stremio://detail/movie/tt0388473
88,Grave of the Fireflies,movie,1988,tt0095327,stremio://detail/movie/tt0095327
89,Only Yesterday,movie,1991,tt0102587,stremio://detail/movie/tt0102587
90,Ocean Waves,movie,1993,tt0108432,stremio://detail/movie/tt0108432
91,Whisper of the Heart,movie,1995,tt0113824,stremio://detail/movie/tt0113824
92,The Wind Rises,movie,2013,tt2013293,stremio://detail/movie/tt2013293
93,Maquia: When the Promised Flower Blooms,movie,2018,tt7339826,stremio://detail/movie/tt7339826
94,A Letter to Momo,movie,2011,tt1853614,stremio://detail/movie/tt1853614
95,Colorful,movie,2010,tt1677561,stremio://detail/movie/tt1677561
96,The Anthem of the Heart,movie,2015,tt4489416,stremio://detail/movie/tt4489416
97,"Josee, the Tiger and the Fish",movie,2020,tt12879624,stremio://detail/movie/tt12879624
98,Ride Your Wave,movie,2019,tt9193612,stremio://detail/movie/tt9193612
99,Lu Over the Wall,movie,2017,tt6452332,stremio://detail/movie/tt6452332
100,On-Gaku: Our Sound,movie,2019,tt10487722,stremio://detail/movie/tt10487722
