Rank,Title,Year,IMDb_ID,Stremio_Link
1,Ankhon Dekhi,2013,tt3614516,stremio://detail/movie/tt3614516
2,Peepli Live,2010,tt1447508,stremio://detail/movie/tt1447508
3,Udaan,2010,tt1639426,stremio://detail/movie/tt1639426
4,Chameli,2003,tt0383975,stremio://detail/movie/tt0383975
5,Dhobi Ghat,2010,tt1433810,stremio://detail/movie/tt1433810
6,Newton,2017,tt6484982,stremio://detail/movie/tt6484982
7,Titli,2014,tt3505704,stremio://detail/movie/tt3505704
8,Masaan,2015,tt4635372,stremio://detail/movie/tt4635372
9,Miss Lovely,2012,tt1629715,stremio://detail/movie/tt1629715
10,Gulaal,2009,tt1261047,stremio://detail/movie/tt1261047
11,No One Killed Jessica,2011,tt1734110,stremio://detail/movie/tt1734110
12,Shahid,2012,tt2181831,stremio://detail/movie/tt2181831
13,Aiyyaa,2012,tt2255934,stremio://detail/movie/tt2255934
14,Lakshya,2004,tt0323013,stremio://detail/movie/tt0323013
15,Rockford,1996,tt0210960,stremio://detail/movie/tt0210960
16,Ek Din Achanak,1989,tt0097261,stremio://detail/movie/tt0097261
17,Iqbal,2005,tt0453729,stremio://detail/movie/tt0453729
18,Antardwand,2010,tt1695759,stremio://detail/movie/tt1695759
19,Manorama Six Feet Under,2000,tt1043940,stremio://detail/movie/tt1043940
20,A Death in the Gunj,2016,tt5918074,stremio://detail/movie/tt5918074
21,Kumbalangi Nights,2019,tt8413338,stremio://detail/movie/tt8413338
22,Thondimuthalum Driksakshiyum,2017,tt5906392,stremio://detail/movie/tt5906392
23,Maheshinte Prathikaram,2016,tt4851630,stremio://detail/movie/tt4851630
24,Ee.Ma.Yau,2018,tt7231194,stremio://detail/movie/tt7231194
25,Kammatipaadam,2016,tt5458088,stremio://detail/movie/tt5458088
26,Chola,2019,tt8517272,stremio://detail/movie/tt8517272
27,Perumazhakkalam,2004,tt0438318,stremio://detail/movie/tt0438318
28,Ozhivudivasathe Kali,2015,tt4920960,stremio://detail/movie/tt4920960
29,Angamaly Diaries,2017,tt6167894,stremio://detail/movie/tt6167894
30,Aaranya Kaandam,2008,tt1728285,stremio://detail/movie/tt1728285
31,Kaakka Muttai,2014,tt3973410,stremio://detail/movie/tt3973410
32,Visaranai,2015,tt4991384,stremio://detail/movie/tt4991384
33,Kaadhal,2004,tt0453740,stremio://detail/movie/tt0453740
34,Pariyerum Perumal,2022,tt8097030,stremio://detail/movie/tt8097030
35,Peranbu,2018,tt7738784,stremio://detail/movie/tt7738784
36,Meghe Dhaka Tara,1960,tt0054073,stremio://detail/movie/tt0054073
37,Egaro,2011,tt2582572,stremio://detail/movie/tt2582572
38,Asha Jaoar Majhe,2014,tt3843088,stremio://detail/movie/tt3843088
39,Court,2013,tt3799658,stremio://detail/movie/tt3799658
40,Fandry,2013,tt2827320,stremio://detail/movie/tt2827320
41,Killa,2014,tt3341582,stremio://detail/movie/tt3341582
42,Deool,2014,tt2071477,stremio://detail/movie/tt2071477
43,Shwaas,1979,tt0425455,stremio://detail/movie/tt0425455
44,Aamis,2019,tt9010522,stremio://detail/movie/tt9010522
45,Village Rockstars,2017,tt7297966,stremio://detail/movie/tt7297966
46,Ottal,2004,tt0368975,stremio://detail/movie/tt0368975
47,Jaane Bhi Do Yaaro,1983,tt0085743,stremio://detail/movie/tt0085743
48,Om-Dar-B-Dar,1988,tt0246825,stremio://detail/movie/tt0246825
49,Salaam Bombay!,1988,tt0096028,stremio://detail/movie/tt0096028
50,Garam Hawa,1992,tt39295725,stremio://detail/movie/tt39295725
